{
  "weights": "runs\\detect\\dehaze_v2_nofuse_100e\\weights\\best.pt",
  "data": "datasets\\VOC_hazy\\VOC_hazy.yaml",
  "split": "val",
  "imgsz": 640,
  "num_images": 2,
  "include_padding": false,
  "valid_pixels_mean": 289920.0,
  "valid_pixels_std": 17280.0,
  "hazy_l1_mean": 0.22874270379543304,
  "hazy_l1_std": 0.0026397258043289185,
  "hazy_mse_mean": 0.0741300880908966,
  "hazy_mse_std": 0.0027344152331352234,
  "hazy_psnr_mean": 11.303011419313915,
  "hazy_psnr_std": 0.160269671740072,
  "hazy_ssim_mean": 0.6295049885908762,
  "hazy_ssim_std": 0.03532710671424866,
  "dehaze_l1_mean": 0.16625016927719116,
  "dehaze_l1_std": 0.018070563673973083,
  "dehaze_mse_mean": 0.043391602113842964,
  "dehaze_mse_std": 0.008629178628325462,
  "dehaze_psnr_mean": 13.713565440595332,
  "dehaze_psnr_std": 0.8753340997919254,
  "dehaze_ssim_mean": 0.38145581881205237,
  "dehaze_ssim_std": 0.07733658949534097,
  "delta_l1_mean": -0.06249253451824188,
  "delta_l1_std": 0.015430837869644165,
  "delta_mse_mean": -0.030738485977053642,
  "delta_mse_std": 0.005894763395190239,
  "delta_psnr_mean": 2.410554021281415,
  "delta_psnr_std": 0.7150644280518534,
  "delta_ssim_mean": -0.24804916977882382,
  "delta_ssim_std": 0.04200948278109232
}