{
  "weights": "runs\\detect\\dehaze_v2_nofuse_100e\\weights\\best.pt",
  "data": "datasets\\VOC_hazy\\VOC_hazy.yaml",
  "split": "val",
  "imgsz": 640,
  "num_images": 2510,
  "include_padding": false,
  "valid_pixels_mean": 296445.45019920316,
  "valid_pixels_std": 27347.560362587526,
  "hazy_l1_mean": 0.1977846508682427,
  "hazy_l1_std": 0.05474402808272513,
  "hazy_mse_mean": 0.05668469297076275,
  "hazy_mse_std": 0.02596647812928011,
  "hazy_psnr_mean": 12.96630457909165,
  "hazy_psnr_std": 2.2164360789512694,
  "hazy_ssim_mean": 0.7232989306290786,
  "hazy_ssim_std": 0.11742159290398163,
  "dehaze_l1_mean": 0.1641917644922002,
  "dehaze_l1_std": 0.034759420132106755,
  "dehaze_mse_mean": 0.042952996799054434,
  "dehaze_mse_std": 0.016002189216702056,
  "dehaze_psnr_mean": 13.967334189207625,
  "dehaze_psnr_std": 1.6444628251709652,
  "dehaze_ssim_mean": 0.455695883297469,
  "dehaze_ssim_std": 0.13008143938803124,
  "delta_l1_mean": -0.033592886376042526,
  "delta_l1_std": 0.06465711603522298,
  "delta_mse_mean": -0.013731696171708316,
  "delta_mse_std": 0.028165686940069174,
  "delta_psnr_mean": 1.0010296101159721,
  "delta_psnr_std": 2.614530704898019,
  "delta_ssim_mean": -0.26760304733160956,
  "delta_ssim_std": 0.11978432236444014
}