{
  "weights": "runs\\detect\\dehaze_v3c_comp_dehaze0.05_fuse0.05_100e\\weights\\best.pt",
  "data": "datasets\\VOC_hazy\\VOC_hazy.yaml",
  "split": "val",
  "imgsz": 640,
  "num_images": 2510,
  "include_padding": false,
  "valid_pixels_mean": 296445.45019920316,
  "valid_pixels_std": 27347.560362587526,
  "hazy_l1_mean": 0.1977846508682427,
  "hazy_l1_std": 0.05474402808272513,
  "hazy_mse_mean": 0.05668469297076275,
  "hazy_mse_std": 0.02596647812928011,
  "hazy_psnr_mean": 12.96630457909165,
  "hazy_psnr_std": 2.2164360789512694,
  "hazy_ssim_mean": 0.7232989306290786,
  "hazy_ssim_std": 0.11742159290398163,
  "hazy_grad_l1_mean": 0.1399318191026193,
  "hazy_grad_l1_std": 0.061477073256062054,
  "dehaze_l1_mean": 0.11220039433810815,
  "dehaze_l1_std": 0.030802710331310178,
  "dehaze_mse_mean": 0.01945249212569969,
  "dehaze_mse_std": 0.010919669310938084,
  "dehaze_psnr_mean": 17.655849866495526,
  "dehaze_psnr_std": 2.149537605808287,
  "dehaze_ssim_mean": 0.809271652871869,
  "dehaze_ssim_std": 0.09645033958795905,
  "dehaze_grad_l1_mean": 0.12421667420368389,
  "dehaze_grad_l1_std": 0.039212820792961955,
  "delta_l1_mean": -0.08558425653013456,
  "delta_l1_std": 0.04427973270969435,
  "delta_mse_mean": -0.03723220084506306,
  "delta_mse_std": 0.01913476193840469,
  "delta_psnr_mean": 4.689545287403877,
  "delta_psnr_std": 1.9049927692087372,
  "delta_ssim_mean": 0.08597272224279039,
  "delta_ssim_std": 0.04215753779915541
}