weights,data,split,imgsz,num_images,include_padding,valid_pixels_mean,valid_pixels_std,hazy_l1_mean,hazy_l1_std,hazy_mse_mean,hazy_mse_std,hazy_psnr_mean,hazy_psnr_std,hazy_ssim_mean,hazy_ssim_std,hazy_grad_l1_mean,hazy_grad_l1_std,dehaze_l1_mean,dehaze_l1_std,dehaze_mse_mean,dehaze_mse_std,dehaze_psnr_mean,dehaze_psnr_std,dehaze_ssim_mean,dehaze_ssim_std,dehaze_grad_l1_mean,dehaze_grad_l1_std,delta_l1_mean,delta_l1_std,delta_mse_mean,delta_mse_std,delta_psnr_mean,delta_psnr_std,delta_ssim_mean,delta_ssim_std
runs\detect\dehaze_v3c_comp_dehaze0.05_fuse0.05_100e\weights\best.pt,datasets\VOC_hazy\VOC_hazy.yaml,val,640,2510,False,296445.45019920316,27347.560362587526,0.1977846508682427,0.05474402808272513,0.05668469297076275,0.02596647812928011,12.96630457909165,2.2164360789512694,0.7232989306290786,0.11742159290398163,0.1399318191026193,0.061477073256062054,0.11220039433810815,0.030802710331310178,0.01945249212569969,0.010919669310938084,17.655849866495526,2.149537605808287,0.809271652871869,0.09645033958795905,0.12421667420368389,0.039212820792961955,-0.08558425653013456,0.04427973270969435,-0.03723220084506306,0.01913476193840469,4.689545287403877,1.9049927692087372,0.08597272224279039,0.04215753779915541
