{
  "weights": "runs\\detect\\dehaze_v2_fuse0.1_100e\\weights\\best.pt",
  "data": "datasets\\VOC_hazy\\VOC_hazy.yaml",
  "split": "val",
  "imgsz": 640,
  "num_images": 2510,
  "include_padding": false,
  "valid_pixels_mean": 296445.45019920316,
  "valid_pixels_std": 27347.560362587526,
  "hazy_l1_mean": 0.1977846508682427,
  "hazy_l1_std": 0.05474402808272513,
  "hazy_mse_mean": 0.05668469297076275,
  "hazy_mse_std": 0.02596647812928011,
  "hazy_psnr_mean": 12.96630457909165,
  "hazy_psnr_std": 2.2164360789512694,
  "hazy_ssim_mean": 0.7232989306290786,
  "hazy_ssim_std": 0.11742159290398163,
  "dehaze_l1_mean": 0.15831952036258234,
  "dehaze_l1_std": 0.03085097502151173,
  "dehaze_mse_mean": 0.04000332331437009,
  "dehaze_mse_std": 0.014045998533467571,
  "dehaze_psnr_mean": 14.236064897121407,
  "dehaze_psnr_std": 1.5152002823767927,
  "dehaze_ssim_mean": 0.43097487154699976,
  "dehaze_ssim_std": 0.12053251494050755,
  "delta_l1_mean": -0.039465130505660376,
  "delta_l1_std": 0.05804953473073825,
  "delta_mse_mean": -0.01668136965639266,
  "delta_mse_std": 0.025600087055154562,
  "delta_psnr_mean": 1.2697603180297545,
  "delta_psnr_std": 2.4096998673454197,
  "delta_ssim_mean": -0.2923240590820789,
  "delta_ssim_std": 0.1126482230731013
}