{
  "weights": "runs\\detect\\dehaze_v3c_comp_dehaze0.025_fuse0.1_100e\\weights\\best.pt",
  "data": "datasets\\VOC_hazy\\VOC_hazy.yaml",
  "split": "val",
  "imgsz": 640,
  "num_images": 2510,
  "include_padding": false,
  "valid_pixels_mean": 296445.45019920316,
  "valid_pixels_std": 27347.560362587526,
  "hazy_l1_mean": 0.1977846508682427,
  "hazy_l1_std": 0.05474402808272513,
  "hazy_mse_mean": 0.05668469297076275,
  "hazy_mse_std": 0.02596647812928011,
  "hazy_psnr_mean": 12.96630457909165,
  "hazy_psnr_std": 2.2164360789512694,
  "hazy_ssim_mean": 0.7232989306290786,
  "hazy_ssim_std": 0.11742159290398163,
  "hazy_grad_l1_mean": 0.1399318191026193,
  "hazy_grad_l1_std": 0.061477073256062054,
  "dehaze_l1_mean": 0.11906634208364078,
  "dehaze_l1_std": 0.034643609005533156,
  "dehaze_mse_mean": 0.02220505432094043,
  "dehaze_mse_std": 0.01291142619949558,
  "dehaze_psnr_mean": 17.131565886619853,
  "dehaze_psnr_std": 2.2517919611543937,
  "dehaze_ssim_mean": 0.7908612770269592,
  "dehaze_ssim_std": 0.09903881186464328,
  "dehaze_grad_l1_mean": 0.13507086884126482,
  "dehaze_grad_l1_std": 0.0452316117889562,
  "delta_l1_mean": -0.07871830878460194,
  "delta_l1_std": 0.03917412160891413,
  "delta_mse_mean": -0.03447963864982232,
  "delta_mse_std": 0.016782176138356558,
  "delta_psnr_mean": 4.165261307528203,
  "delta_psnr_std": 1.654981983201596,
  "delta_ssim_mean": 0.06756234639788054,
  "delta_ssim_std": 0.0366527624783585
}