weights,data,split,imgsz,num_images,include_padding,valid_pixels_mean,valid_pixels_std,hazy_l1_mean,hazy_l1_std,hazy_mse_mean,hazy_mse_std,hazy_psnr_mean,hazy_psnr_std,hazy_ssim_mean,hazy_ssim_std,hazy_grad_l1_mean,hazy_grad_l1_std,dehaze_l1_mean,dehaze_l1_std,dehaze_mse_mean,dehaze_mse_std,dehaze_psnr_mean,dehaze_psnr_std,dehaze_ssim_mean,dehaze_ssim_std,dehaze_grad_l1_mean,dehaze_grad_l1_std,delta_l1_mean,delta_l1_std,delta_mse_mean,delta_mse_std,delta_psnr_mean,delta_psnr_std,delta_ssim_mean,delta_ssim_std
runs\detect\dehaze_v3c_comp_dehaze0.025_fuse0.1_100e\weights\best.pt,datasets\VOC_hazy\VOC_hazy.yaml,val,640,2510,False,296445.45019920316,27347.560362587526,0.1977846508682427,0.05474402808272513,0.05668469297076275,0.02596647812928011,12.96630457909165,2.2164360789512694,0.7232989306290786,0.11742159290398163,0.1399318191026193,0.061477073256062054,0.11906634208364078,0.034643609005533156,0.02220505432094043,0.01291142619949558,17.131565886619853,2.2517919611543937,0.7908612770269592,0.09903881186464328,0.13507086884126482,0.0452316117889562,-0.07871830878460194,0.03917412160891413,-0.03447963864982232,0.016782176138356558,4.165261307528203,1.654981983201596,0.06756234639788054,0.0366527624783585
