{
  "weights": "runs\\detect\\dehaze_v2_fuse0.05_100e\\weights\\best.pt",
  "data": "datasets\\VOC_hazy\\VOC_hazy.yaml",
  "split": "val",
  "imgsz": 640,
  "num_images": 2510,
  "include_padding": false,
  "valid_pixels_mean": 296445.45019920316,
  "valid_pixels_std": 27347.560362587526,
  "hazy_l1_mean": 0.1977846508682427,
  "hazy_l1_std": 0.05474402808272513,
  "hazy_mse_mean": 0.05668469297076275,
  "hazy_mse_std": 0.02596647812928011,
  "hazy_psnr_mean": 12.96630457909165,
  "hazy_psnr_std": 2.2164360789512694,
  "hazy_ssim_mean": 0.7232989306290786,
  "hazy_ssim_std": 0.11742159290398163,
  "dehaze_l1_mean": 0.16218383821298876,
  "dehaze_l1_std": 0.03435410512975339,
  "dehaze_mse_mean": 0.04008006274651929,
  "dehaze_mse_std": 0.014867186263180702,
  "dehaze_psnr_mean": 14.260351808555244,
  "dehaze_psnr_std": 1.6160941486578426,
  "dehaze_ssim_mean": 0.4440101089339411,
  "dehaze_ssim_std": 0.12883412051503684,
  "delta_l1_mean": -0.03560081265525395,
  "delta_l1_std": 0.05252411527545242,
  "delta_mse_mean": -0.01660463022424346,
  "delta_mse_std": 0.023233835501010082,
  "delta_psnr_mean": 1.294047229463592,
  "delta_psnr_std": 2.255420600287211,
  "delta_ssim_mean": -0.2792888216951375,
  "delta_ssim_std": 0.11137754105564347
}