{
  "weights": "runs\\detect\\dehaze_v2_fuse0.2_100e\\weights\\best.pt",
  "data": "datasets\\VOC_hazy\\VOC_hazy.yaml",
  "split": "val",
  "imgsz": 640,
  "num_images": 2510,
  "include_padding": false,
  "valid_pixels_mean": 296445.45019920316,
  "valid_pixels_std": 27347.560362587526,
  "hazy_l1_mean": 0.1977846508682427,
  "hazy_l1_std": 0.05474402808272513,
  "hazy_mse_mean": 0.05668469297076275,
  "hazy_mse_std": 0.02596647812928011,
  "hazy_psnr_mean": 12.96630457909165,
  "hazy_psnr_std": 2.2164360789512694,
  "hazy_ssim_mean": 0.7232989306290786,
  "hazy_ssim_std": 0.11742159290398163,
  "dehaze_l1_mean": 0.1610202257228325,
  "dehaze_l1_std": 0.035591595010790414,
  "dehaze_mse_mean": 0.0410170573807058,
  "dehaze_mse_std": 0.015924842614658624,
  "dehaze_psnr_mean": 14.194494110088904,
  "dehaze_psnr_std": 1.7247888223697325,
  "dehaze_ssim_mean": 0.4488111732935763,
  "dehaze_ssim_std": 0.12925709173282712,
  "delta_l1_mean": -0.03676442514541021,
  "delta_l1_std": 0.061622338240561174,
  "delta_mse_mean": -0.015667635590056943,
  "delta_mse_std": 0.026484138629032296,
  "delta_psnr_mean": 1.2281895309972524,
  "delta_psnr_std": 2.532534642132707,
  "delta_ssim_mean": -0.2744877573355023,
  "delta_ssim_std": 0.1156827242001006
}