weights,data,split,imgsz,num_images,include_padding,valid_pixels_mean,valid_pixels_std,hazy_l1_mean,hazy_l1_std,hazy_mse_mean,hazy_mse_std,hazy_psnr_mean,hazy_psnr_std,hazy_ssim_mean,hazy_ssim_std,hazy_grad_l1_mean,hazy_grad_l1_std,dehaze_l1_mean,dehaze_l1_std,dehaze_mse_mean,dehaze_mse_std,dehaze_psnr_mean,dehaze_psnr_std,dehaze_ssim_mean,dehaze_ssim_std,dehaze_grad_l1_mean,dehaze_grad_l1_std,delta_l1_mean,delta_l1_std,delta_mse_mean,delta_mse_std,delta_psnr_mean,delta_psnr_std,delta_ssim_mean,delta_ssim_std
runs\detect\dehaze_v3c_residual_fuse0.1_comp_100e\weights\best.pt,datasets\VOC_hazy\VOC_hazy.yaml,val,640,2510,False,296445.45019920316,27347.560362587526,0.1977846508682427,0.05474402808272513,0.05668469297076275,0.02596647812928011,12.96630457909165,2.2164360789512694,0.7232989306290786,0.11742159290398163,0.1399318191026193,0.061477073256062054,0.11480446453558733,0.028879907251680638,0.019900535752874357,0.009787055627631144,17.45852255997054,1.967918383171915,0.8126091822071537,0.09171961755064316,0.1283743754185113,0.04505037560998172,-0.08298018633265539,0.05331618860506083,-0.03678415721788839,0.022123367679160497,4.4922179808788885,2.370492251369044,0.08931025157807515,0.043036860297773705
