{
  "weights": "runs\\detect\\dehaze_v3c_residual_fuse0.1_comp_100e\\weights\\best.pt",
  "data": "datasets\\VOC_hazy\\VOC_hazy.yaml",
  "split": "val",
  "imgsz": 640,
  "num_images": 2510,
  "include_padding": false,
  "valid_pixels_mean": 296445.45019920316,
  "valid_pixels_std": 27347.560362587526,
  "hazy_l1_mean": 0.1977846508682427,
  "hazy_l1_std": 0.05474402808272513,
  "hazy_mse_mean": 0.05668469297076275,
  "hazy_mse_std": 0.02596647812928011,
  "hazy_psnr_mean": 12.96630457909165,
  "hazy_psnr_std": 2.2164360789512694,
  "hazy_ssim_mean": 0.7232989306290786,
  "hazy_ssim_std": 0.11742159290398163,
  "hazy_grad_l1_mean": 0.1399318191026193,
  "hazy_grad_l1_std": 0.061477073256062054,
  "dehaze_l1_mean": 0.11480446453558733,
  "dehaze_l1_std": 0.028879907251680638,
  "dehaze_mse_mean": 0.019900535752874357,
  "dehaze_mse_std": 0.009787055627631144,
  "dehaze_psnr_mean": 17.45852255997054,
  "dehaze_psnr_std": 1.967918383171915,
  "dehaze_ssim_mean": 0.8126091822071537,
  "dehaze_ssim_std": 0.09171961755064316,
  "dehaze_grad_l1_mean": 0.1283743754185113,
  "dehaze_grad_l1_std": 0.04505037560998172,
  "delta_l1_mean": -0.08298018633265539,
  "delta_l1_std": 0.05331618860506083,
  "delta_mse_mean": -0.03678415721788839,
  "delta_mse_std": 0.022123367679160497,
  "delta_psnr_mean": 4.4922179808788885,
  "delta_psnr_std": 2.370492251369044,
  "delta_ssim_mean": 0.08931025157807515,
  "delta_ssim_std": 0.043036860297773705
}