{
  "weights": "runs\\detect\\dehaze_v2_fuse0.1_100e\\weights\\best.pt",
  "data": "datasets\\VOC_hazy\\VOC_hazy.yaml",
  "split": "val",
  "imgsz": 640,
  "num_images": 2,
  "include_padding": false,
  "valid_pixels_mean": 289920.0,
  "valid_pixels_std": 17280.0,
  "hazy_l1_mean": 0.22874270379543304,
  "hazy_l1_std": 0.0026397258043289185,
  "hazy_mse_mean": 0.0741300880908966,
  "hazy_mse_std": 0.0027344152331352234,
  "hazy_psnr_mean": 11.303011419313915,
  "hazy_psnr_std": 0.160269671740072,
  "hazy_ssim_mean": 0.6295049885908762,
  "hazy_ssim_std": 0.03532710671424866,
  "hazy_grad_l1_mean": 0.18265685190757117,
  "hazy_grad_l1_std": 0.06259609013795853,
  "dehaze_l1_mean": 0.16255328059196472,
  "dehaze_l1_std": 0.017175942659378052,
  "dehaze_mse_mean": 0.04191494174301624,
  "dehaze_mse_std": 0.008773686364293098,
  "dehaze_psnr_mean": 13.873602537640275,
  "dehaze_psnr_std": 0.922707909237479,
  "dehaze_ssim_mean": 0.35813946028550464,
  "dehaze_ssim_std": 0.06957171857357025,
  "dehaze_grad_l1_mean": 0.4025908559560776,
  "dehaze_grad_l1_std": 0.09817460676034293,
  "delta_l1_mean": -0.06618942320346832,
  "delta_l1_std": 0.014536216855049133,
  "delta_mse_mean": -0.03221514634788036,
  "delta_mse_std": 0.006039271131157875,
  "delta_psnr_mean": 2.5705911183263597,
  "delta_psnr_std": 0.762438237497407,
  "delta_ssim_mean": -0.2713655283053716,
  "delta_ssim_std": 0.034244611859321594
}